Timestamp,User Count,Type,Name,Requests/s,Failures/s,50%,66%,75%,80%,90%,95%,98%,99%,99.9%,99.99%,100%,Total Request Count,Total Failure Count,Total Median Response Time,Total Average Response Time,Total Min Response Time,Total Max Response Time,Total Average Content Size
1778449419,0,,Aggregated,0.000000,0.000000,N/A,N/A,N/A,N/A,N/A,N/A,N/A,N/A,N/A,N/A,N/A,0,0,0,0.0,0,0,0
1778449420,10,GET,GET /api/v1/analytics/campus-summary,0.000000,0.000000,0,0,0,0,0,0,0,0,0,0,0,1,1,45.540083000000564,45.540083000000564,45.540083000000564,45.540083000000564,120.0
1778449420,10,POST,POST /api/v1/gate/validate,0.000000,0.000000,0,0,0,0,0,0,0,0,0,0,0,4,0,39.056583999999894,40.41713574999984,39.056583999999894,44.15879200000017,61.0
1778449420,10,POST,STRESS POST /api/v1/gate/validate,0.000000,0.000000,0,0,0,0,0,0,0,0,0,0,0,20,0,6,14.520135399999969,3.2932499999995812,38.89583300000066,61.0
1778449420,10,,Aggregated,0.000000,0.000000,0,0,0,0,0,0,0,0,0,0,0,25,1,8,19.90445335999997,3.2932499999995812,45.540083000000564,63.36
1778449421,20,GET,GET /api/v1/analytics/campus-summary,0.000000,0.000000,18,18,18,18,18,18,18,18,18,18,18,2,2,18.181625000000423,31.860854000000494,18.181625000000423,45.540083000000564,120.0
1778449421,20,POST,POST /api/v1/auth/login,0.000000,0.000000,0,0,0,0,0,0,0,0,0,0,0,1,1,157.07941700000026,157.07941700000026,157.07941700000026,157.07941700000026,42.0
1778449421,20,POST,POST /api/v1/gate/validate,0.000000,0.000000,17,17,17,17,17,17,17,17,17,17,17,7,0,39,28.919339571428388,7.054958999999528,44.15879200000017,61.0
1778449421,20,POST,POST /api/v1/surveys,0.000000,0.000000,0,0,0,0,0,0,0,0,0,0,0,1,0,34.42012500000047,34.42012500000047,34.42012500000047,34.42012500000047,272.0
1778449421,20,POST,STRESS POST /api/v1/gate/validate,0.000000,0.000000,5,6,7,8,14,17,18,18,18,18,18,54,0,6,9.700349592592632,3.2932499999995812,38.89583300000066,61.0
1778449421,20,,Aggregated,0.000000,0.000000,6,7,9,14,17,18,34,160,160,160,160,65,3,6,15.099623153846188,3.2932499999995812,157.07941700000026,65.76923076923077
1778449422,30,GET,GET /api/v1/analytics/campus-summary,1.000000,1.000000,18,18,18,18,18,18,18,18,18,18,18,3,3,18,26.59212466666716,16.054666000000495,45.540083000000564,120.0
1778449422,30,POST,POST /api/v1/auth/login,0.000000,0.000000,0,0,0,0,0,0,0,0,0,0,0,3,3,130.0,140.47837499999955,129.81712499999887,157.07941700000026,42.0
1778449422,30,POST,POST /api/v1/gate/validate,4.000000,0.000000,9,14,15,17,17,17,17,17,17,17,17,13,0,15,19.7466444615385,4.003624999999289,44.15879200000017,61.0
1778449422,30,POST,POST /api/v1/surveys,0.000000,0.000000,18,18,18,18,18,18,18,18,18,18,18,3,0,18,20.95743033333323,10.43716599999911,34.42012500000047,272.3333333333333
1778449422,30,POST,STRESS POST /api/v1/gate/validate,5.000000,0.000000,5,5,6,6,13,14,17,18,18,18,18,103,0,5,7.551344300970914,2.7271249999998304,38.89583300000066,61.0
1778449422,30,,Aggregated,10.000000,1.000000,5,6,8,10,16,18,130,130,160,160,160,125,6,5,12.788629048000036,2.7271249999998304,157.07941700000026,67.032
1778449423,40,GET,GET /api/v1/analytics/campus-summary,1.000000,1.000000,18,18,18,18,18,18,18,18,18,18,18,3,3,18,26.59212466666716,16.054666000000495,45.540083000000564,120.0
1778449423,40,POST,POST /api/v1/auth/login,0.000000,0.000000,140,140,140,140,140,140,140,140,140,140,140,5,5,140.0,138.6736583999998,129.81712499999887,157.07941700000026,42.0
1778449423,40,POST,POST /api/v1/gate/validate,3.000000,0.000000,9,17,19,22,23,24,24,24,24,24,24,23,0,15,16.837643304347957,3.118999999999872,44.15879200000017,61.0
1778449423,40,POST,POST /api/v1/surveys,0.500000,0.000000,18,18,18,18,18,18,18,18,18,18,18,3,0,18,20.95743033333323,10.43716599999911,34.42012500000047,272.3333333333333
1778449423,40,POST,STRESS POST /api/v1/gate/validate,12.500000,0.000000,5,5,6,6,11,15,17,18,21,21,21,164,0,5,6.633143304878111,2.2058749999995797,38.89583300000066,61.0
1778449423,40,,Aggregated,17.000000,1.000000,5,6,7,9,17,22,130,140,160,160,160,198,8,5,11.672314419191983,2.2058749999995797,157.07941700000026,64.61616161616162
1778449424,50,GET,GET /api/v1/analytics/campus-summary,1.000000,1.000000,16,16,18,18,18,18,18,18,18,18,18,5,5,16,18.953766200000288,5.515041000000664,45.540083000000564,120.0
1778449424,50,POST,POST /api/v1/auth/login,0.333333,0.333333,140,140,140,140,140,140,140,140,140,140,140,6,6,140.0,138.24252783333318,129.81712499999887,157.07941700000026,42.0
1778449424,50,POST,POST /api/v1/gate/validate,3.000000,0.000000,7,13,15,17,22,23,24,24,24,24,24,33,0,9,13.650665545454705,2.7940000000015175,44.15879200000017,61.0
1778449424,50,POST,POST /api/v1/surveys,0.666667,0.000000,11,11,16,16,18,18,18,18,18,18,18,7,0,11,15.056499999999774,7.646041999999298,34.42012500000047,272.42857142857144
1778449424,50,POST,STRESS POST /api/v1/gate/validate,20.000000,0.000000,4,5,5,6,9,13,17,18,21,21,21,243,0,4,5.940191534979505,2.2058749999995797,38.89583300000066,61.0
1778449424,50,,Aggregated,25.000000,1.333333,4,5,6,8,14,18,130,140,160,160,160,294,11,5,9.9440748435375,2.2058749999995797,157.07941700000026,66.64965986394557
1778449425,50,GET,GET /api/v1/analytics/campus-summary,0.750000,0.750000,16,16,18,18,18,18,18,18,18,18,18,5,5,16,18.953766200000288,5.515041000000664,45.540083000000564,120.0
1778449425,50,POST,POST /api/v1/auth/login,0.750000,0.750000,140,140,140,140,140,140,140,140,140,140,140,6,6,140.0,138.24252783333318,129.81712499999887,157.07941700000026,42.0
1778449425,50,POST,POST /api/v1/gate/validate,4.500000,0.000000,5,9,13,15,22,23,24,24,24,24,24,41,0,6,11.785414731707462,2.442249999999646,44.15879200000017,61.0
1778449425,50,POST,POST /api/v1/surveys,0.750000,0.000000,10,11,16,16,18,27,27,27,27,27,27,12,0,10,13.669826416666515,6.245417000000586,34.42012500000047,272.5
1778449425,50,POST,STRESS POST /api/v1/gate/validate,27.500000,0.000000,4,5,5,6,9,13,17,18,33,33,33,328,0,4,5.804821524390278,2.125958000000594,38.89583300000066,61.0
1778449425,50,,Aggregated,34.250000,1.500000,4,5,6,7,13,18,33,140,160,160,160,392,11,4,8.865932089285758,2.125958000000594,157.07941700000026,67.93622448979592
1778449426,50,GET,GET /api/v1/analytics/campus-summary,0.600000,0.600000,9,9,16,16,18,18,18,18,18,18,18,7,7,9,15.227065142857146,5.116124999998917,45.540083000000564,120.0
1778449426,50,POST,POST /api/v1/auth/login,1.000000,1.000000,130,140,140,140,140,140,140,140,140,140,140,8,8,130.0,137.03328649999992,129.81712499999887,157.07941700000026,42.0
1778449426,50,POST,POST /api/v1/gate/validate,5.200000,0.000000,5,8,13,15,22,23,46,46,46,46,46,46,0,5,11.85617582608712,2.442249999999646,46.221917000000445,61.0
1778449426,50,POST,POST /api/v1/surveys,0.800000,0.000000,10,11,13,16,18,27,27,27,27,27,27,16,0,10,12.938080750000026,6.245417000000586,34.42012500000047,272.6875
1778449426,50,POST,STRESS POST /api/v1/gate/validate,34.800000,0.000000,4,5,5,5,8,12,17,18,33,33,33,410,0,4,5.491928863414643,2.108624999999975,38.89583300000066,61.0
1778449426,50,,Aggregated,42.400000,1.600000,4,5,6,7,12,18,34,130,160,160,160,487,15,4,8.638480414784421,2.108624999999975,157.07941700000026,68.49075975359342
1778449427,50,GET,GET /api/v1/analytics/campus-summary,0.833333,0.833333,9,9,16,16,18,18,18,18,18,18,18,7,7,9,15.227065142857146,5.116124999998917,45.540083000000564,120.0
1778449427,50,POST,POST /api/v1/auth/login,1.000000,1.000000,130,140,140,140,140,140,140,140,140,140,140,8,8,130.0,137.03328649999992,129.81712499999887,157.07941700000026,42.0
1778449427,50,POST,POST /api/v1/gate/validate,5.500000,0.000000,5,13,19,20,46,110,190,240,240,240,240,56,0,6,23.090052928571545,2.386500000000069,244.84704199999996,61.0
1778449427,50,POST,POST /api/v1/surveys,1.166667,0.000000,10,13,13,16,27,190,190,190,190,190,190,18,0,10,22.46842599999995,6.245417000000586,188.5604169999997,272.72222222222223
1778449427,50,POST,STRESS POST /api/v1/gate/validate,40.833333,0.000000,4,5,6,7,18,83,120,160,230,230,230,484,0,4,13.07790935950415,2.108624999999975,230.020209000001,61.0
1778449427,50,,Aggregated,49.333333,1.833333,4,5,8,11,23,100,140,170,240,240,240,573,15,4,16.108269650959883,2.108624999999975,244.84704199999996,68.10645724258289
1778449428,50,GET,GET /api/v1/analytics/campus-summary,0.714286,0.714286,9,11,16,18,240,240,240,240,240,240,240,10,10,9,36.32204139999988,5.116124999998917,236.49587499999924,120.0
1778449428,50,POST,POST /api/v1/auth/login,0.857143,0.857143,140,140,140,140,840,840,840,840,840,840,840,9,9,140.0,214.63568522222215,129.81712499999887,835.4548749999999,42.0
1778449428,50,POST,POST /api/v1/gate/validate,6.000000,0.000000,5,12,17,19,46,110,190,240,240,240,240,63,0,5,21.201884365079454,2.386500000000069,244.84704199999996,61.0
1778449428,50,POST,POST /api/v1/surveys,1.714286,0.000000,10,13,16,18,190,680,680,680,680,680,680,19,0,10,57.0274189473684,6.245417000000586,679.0892920000005,272.7368421052632
1778449428,50,POST,STRESS POST /api/v1/gate/validate,47.142857,0.000000,4,5,6,9,21,72,110,160,230,230,230,562,0,4,13.105035001779394,1.9676660000005342,230.020209000001,61.0
1778449428,50,,Aggregated,56.428571,1.571429,5,6,8,12,33,100,150,190,840,840,840,663,19,5,18.219021006033206,1.9676660000005342,835.4548749999999,67.6998491704374
1778449429,50,GET,GET /api/v1/analytics/campus-summary,0.875000,0.875000,9,11,16,16,18,240,240,240,240,240,240,12,12,9,31.41696158333322,5.116124999998917,236.49587499999924,120.0
1778449429,50,POST,POST /api/v1/auth/login,1.000000,1.000000,140,140,140,150,840,840,840,840,840,840,840,10,10,140.0,207.83966249999997,129.81712499999887,835.4548749999999,42.0
1778449429,50,POST,POST /api/v1/gate/validate,5.875000,0.000000,5,7,15,17,24,96,190,240,240,240,240,72,0,5,18.9654832916667,2.386500000000069,244.84704199999996,61.0
1778449429,50,POST,POST /api/v1/surveys,2.000000,0.000000,10,13,14,16,27,190,680,680,680,680,680,22,0,10,50.68107959090896,6.245417000000586,679.0892920000005,272.72727272727275
1778449429,50,POST,STRESS POST /api/v1/gate/validate,51.750000,0.000000,4,5,6,7,17,65,110,150,230,230,230,644,0,4,11.868863096273362,1.8756670000001918,230.020209000001,61.0
1778449429,50,,Aggregated,61.500000,1.875000,4,5,7,10,23,95,150,190,840,840,840,760,22,4,16.55190335000005,1.8756670000001918,835.4548749999999,67.81052631578947
1778449430,50,GET,GET /api/v1/analytics/campus-summary,0.777778,0.777778,8,9,11,11,16,240,240,240,240,240,240,14,14,8,27.975684285714085,5.116124999998917,236.49587499999924,120.0
1778449430,50,POST,POST /api/v1/auth/login,0.888889,0.888889,140,140,140,150,840,840,840,840,840,840,840,10,10,140.0,207.83966249999997,129.81712499999887,835.4548749999999,42.0
1778449430,50,POST,POST /api/v1/gate/validate,6.222222,0.000000,5,7,12,15,24,96,190,240,240,240,240,76,0,5,18.10799565789477,2.0320829999995738,244.84704199999996,61.0
1778449430,50,POST,POST /api/v1/surveys,2.000000,0.000000,10,13,14,16,27,190,680,680,680,680,680,24,0,10,47.59347920833317,6.245417000000586,679.0892920000005,272.7083333333333
1778449430,50,POST,STRESS POST /api/v1/gate/validate,54.222222,0.000000,4,5,5,6,14,52,110,140,230,230,230,731,0,4,10.829750621067106,1.6870410000002778,230.020209000001,61.0
1778449430,50,,Aggregated,64.111111,1.666667,4,5,6,8,20,83,140,170,840,840,840,855,24,4,15.093631672514677,1.6870410000002778,835.4548749999999,67.68654970760234
1778449431,50,GET,GET /api/v1/analytics/campus-summary,1.000000,1.000000,8,9,9,11,16,240,240,240,240,240,240,16,16,8,25.27249974999968,5.116124999998917,236.49587499999924,120.0
1778449431,50,POST,POST /api/v1/auth/login,0.900000,0.900000,140,140,140,150,840,840,840,840,840,840,840,11,11,140.0,201.1213030000001,129.81712499999887,835.4548749999999,42.0
1778449431,50,POST,POST /api/v1/gate/validate,6.300000,0.000000,4,5,7,12,23,96,190,240,240,240,240,86,0,4,16.328695767441882,2.0320829999995738,244.84704199999996,61.0
1778449431,50,POST,POST /api/v1/surveys,2.000000,0.000000,10,13,14,14,27,190,680,680,680,680,680,26,0,10,44.57937019230763,6.245417000000586,679.0892920000005,272.7692307692308
1778449431,50,POST,STRESS POST /api/v1/gate/validate,56.700000,0.000000,4,4,5,5,12,51,110,140,230,230,230,814,0,4,10.010494929975538,1.6870410000002778,230.020209000001,61.0
1778449431,50,,Aggregated,66.900000,1.900000,4,5,5,7,18,80,140,170,840,840,840,953,27,4,13.985906257082995,1.6870410000002778,835.4548749999999,67.54879328436516
1778449432,50,GET,GET /api/v1/analytics/campus-summary,1.100000,1.100000,7,8,9,9,11,240,240,240,240,240,240,17,17,8,24.148982647058595,5.116124999998917,236.49587499999924,120.0
1778449432,50,POST,POST /api/v1/auth/login,1.000000,1.000000,140,140,150,150,840,840,840,840,840,840,840,11,11,140.0,201.1213030000001,129.81712499999887,835.4548749999999,42.0
1778449432,50,POST,POST /api/v1/gate/validate,6.900000,0.000000,4,4,5,5,19,96,190,240,240,240,240,96,0,4,14.968450979166652,2.0320829999995738,244.84704199999996,61.0
1778449432,50,POST,POST /api/v1/surveys,2.200000,0.000000,10,13,14,16,27,190,680,680,680,680,680,28,0,10,42.371308035714186,6.245417000000586,679.0892920000005,272.75
1778449432,50,POST,STRESS POST /api/v1/gate/validate,64.100000,0.000000,4,4,5,5,11,49,110,140,230,230,230,902,0,4,9.417851120842665,1.6870410000002778,230.020209000001,61.0
1778449432,50,,Aggregated,75.300000,2.100000,4,4,5,6,14,66,130,170,840,840,840,1054,28,4,13.037131563567444,1.6870410000002778,835.4548749999999,67.3785578747628
1778449433,50,GET,GET /api/v1/analytics/campus-summary,1.200000,1.200000,7,8,8,9,11,240,240,240,240,240,240,20,20,7,21.4726956999999,4.7385420000019,236.49587499999924,120.0
1778449433,50,POST,POST /api/v1/auth/login,1.000000,1.000000,140,140,150,150,840,840,840,840,840,840,840,11,11,140.0,201.1213030000001,129.81712499999887,835.4548749999999,42.0
1778449433,50,POST,POST /api/v1/gate/validate,7.000000,0.000000,4,4,5,5,19,96,190,240,240,240,240,103,0,4,14.169690572815535,2.0320829999995738,244.84704199999996,61.0
1778449433,50,POST,POST /api/v1/surveys,2.300000,0.000000,9,11,13,14,27,190,680,680,680,680,680,31,0,10,38.93685616129009,6.245417000000586,679.0892920000005,272.7741935483871
1778449433,50,POST,STRESS POST /api/v1/gate/validate,70.600000,0.000000,3,4,5,5,10,46,100,130,230,230,230,988,0,4,8.865645711538555,1.5704999999996971,230.020209000001,61.0
1778449433,50,,Aggregated,82.100000,2.200000,4,4,5,5,13,61,130,170,840,840,840,1153,31,4,12.200838577623676,1.5704999999996971,835.4548749999999,67.5359930615785
1778449434,50,GET,GET /api/v1/analytics/campus-summary,1.300000,1.300000,7,8,8,9,11,240,240,240,240,240,240,23,23,7,19.496469086956512,4.7385420000019,236.49587499999924,120.0
1778449434,50,POST,POST /api/v1/auth/login,1.000000,1.000000,140,140,150,150,840,840,840,840,840,840,840,11,11,140.0,201.1213030000001,129.81712499999887,835.4548749999999,42.0
1778449434,50,POST,POST /api/v1/gate/validate,7.700000,0.000000,3,4,4,5,15,58,190,240,240,240,240,114,0,4,13.062254052631523,1.6296669999995572,244.84704199999996,61.0
1778449434,50,POST,POST /api/v1/surveys,2.500000,0.000000,10,13,13,14,27,190,680,680,680,680,680,32,0,10,38.05173303124975,6.245417000000586,679.0892920000005,272.78125
1778449434,50,POST,STRESS POST /api/v1/gate/validate,75.800000,0.000000,3,4,4,5,10,45,100,130,230,230,230,1074,0,4,8.384992089385543,1.5699589999975672,230.020209000001,61.0
1778449434,50,,Aggregated,88.300000,2.300000,3,4,5,5,12,58,120,170,840,840,840,1254,34,4,11.461712157097347,1.5699589999975672,835.4548749999999,67.31977671451355
1778449435,50,GET,GET /api/v1/analytics/campus-summary,1.400000,1.400000,7,8,8,8,11,240,240,240,240,240,240,25,25,7,18.417353239999912,3.648375000000925,236.49587499999924,120.0
1778449435,50,POST,POST /api/v1/auth/login,0.800000,0.800000,140,140,150,150,840,840,840,840,840,840,840,12,12,140.0,196.38998958333343,129.81712499999887,835.4548749999999,42.0
1778449435,50,POST,POST /api/v1/gate/validate,7.800000,0.000000,3,4,4,5,19,96,190,240,240,240,240,120,0,4,12.501446908333293,1.4715420000008805,244.84704199999996,61.0
1778449435,50,POST,POST /api/v1/surveys,2.500000,0.000000,9,13,13,14,21,190,680,680,680,680,680,33,0,10,37.14438757575734,6.245417000000586,679.0892920000005,272.7878787878788
1778449435,50,POST,STRESS POST /api/v1/gate/validate,79.300000,0.000000,3,4,4,5,9,45,100,130,230,230,230,1162,0,3,7.962339112736736,1.4687920000007182,230.020209000001,61.0
1778449435,50,,Aggregated,91.800000,2.200000,3,4,4,5,12,61,130,170,840,840,840,1352,37,4,10.943261963017813,1.4687920000007182,835.4548749999999,67.09171597633136
1778449436,50,GET,GET /api/v1/analytics/campus-summary,1.700000,1.700000,7,8,8,8,9,11,240,240,240,240,240,26,26,7,17.847838038461393,3.6099579999984144,236.49587499999924,120.0
1778449436,50,POST,POST /api/v1/auth/login,0.600000,0.600000,130,140,150,150,840,840,840,840,840,840,840,13,13,140.0,191.18175646153847,128.68295899999893,835.4548749999999,42.0
1778449436,50,POST,POST /api/v1/gate/validate,7.700000,0.000000,3,4,4,4,7,58,190,240,240,240,240,128,0,4,11.866362343750046,1.4715420000008805,244.84704199999996,61.0
1778449436,50,POST,POST /api/v1/surveys,2.700000,0.000000,9,11,14,14,22,190,680,680,680,680,680,37,0,10,34.264050648648414,6.245417000000586,679.0892920000005,272.8378378378378
1778449436,50,POST,STRESS POST /api/v1/gate/validate,81.700000,0.000000,3,3,4,4,9,45,100,130,230,230,230,1242,0,3,7.648731552335024,1.4687920000007182,230.020209000001,61.0
1778449436,50,,Aggregated,94.400000,2.300000,3,4,4,5,11,58,120,170,840,840,840,1446,39,3,10.536511386583753,1.4687920000007182,835.4548749999999,67.31051175656985
1778449437,50,GET,GET /api/v1/analytics/campus-summary,1.800000,1.800000,7,8,8,8,11,240,240,240,240,240,240,26,26,7,17.847838038461393,3.6099579999984144,236.49587499999924,120.0
1778449437,50,POST,POST /api/v1/auth/login,0.500000,0.500000,150,150,170,170,840,840,840,840,840,840,840,14,14,140.0,189.4876250714285,128.68295899999893,835.4548749999999,42.0
1778449437,50,POST,POST /api/v1/gate/validate,8.100000,0.000000,3,3,4,4,4,6,7,15,15,15,15,135,0,4,11.468659925925937,1.4715420000008805,244.84704199999996,61.0
1778449437,50,POST,POST /api/v1/surveys,2.500000,0.000000,9,13,14,15,22,680,680,680,680,680,680,38,0,10,33.75457342105235,6.245417000000586,679.0892920000005,272.8421052631579
1778449437,50,POST,STRESS POST /api/v1/gate/validate,83.000000,0.000000,3,3,4,4,5,6,14,45,85,85,85,1323,0,3,7.353889303099089,1.4687920000007182,230.020209000001,61.0
1778449437,50,,Aggregated,95.900000,2.300000,3,3,4,4,6,9,26,71,840,840,840,1536,40,3,10.20638604687506,1.4687920000007182,835.4548749999999,67.06640625
1778449438,50,GET,GET /api/v1/analytics/campus-summary,2.000000,2.000000,6,7,8,8,8,8,8,8,8,8,8,28,28,7,16.959727571428513,3.6099579999984144,236.49587499999924,120.0
1778449438,50,POST,POST /api/v1/auth/login,0.600000,0.600000,140,150,150,170,170,170,170,170,170,170,170,14,14,140.0,189.4876250714285,128.68295899999893,835.4548749999999,42.0
1778449438,50,POST,POST /api/v1/gate/validate,7.800000,0.000000,3,3,4,4,4,4,6,7,7,7,7,142,0,4,11.04754495070424,1.4715420000008805,244.84704199999996,61.0
1778449438,50,POST,POST /api/v1/surveys,2.100000,0.000000,8,9,13,14,21,22,22,22,22,22,22,38,0,10,33.75457342105235,6.245417000000586,679.0892920000005,272.8421052631579
1778449438,50,POST,STRESS POST /api/v1/gate/validate,83.400000,0.000000,3,3,3,4,4,5,7,10,16,16,16,1403,0,3,7.1239151311476,1.4687920000007182,230.020209000001,61.0
1778449438,50,,Aggregated,95.900000,2.600000,3,3,4,4,5,6,10,15,170,170,170,1625,42,3,9.830139830769282,1.4687920000007182,835.4548749999999,66.80676923076923
1778449439,50,GET,GET /api/v1/analytics/campus-summary,1.900000,1.900000,6,7,7,8,8,8,8,8,8,8,8,30,30,7,16.238323499999947,3.6099579999984144,236.49587499999924,120.0
1778449439,50,POST,POST /api/v1/auth/login,0.500000,0.500000,140,140,150,150,170,170,170,170,170,170,170,16,16,140.0,182.34916412500013,128.68295899999893,835.4548749999999,42.0
1778449439,50,POST,POST /api/v1/gate/validate,8.100000,0.000000,3,3,3,4,4,4,6,7,7,7,7,152,0,3,10.500821605263143,1.4715420000008805,244.84704199999996,61.0
1778449439,50,POST,POST /api/v1/surveys,2.100000,0.000000,8,11,13,14,21,22,22,22,22,22,22,39,0,10,33.08458007692283,6.245417000000586,679.0892920000005,272.84615384615387
1778449439,50,POST,STRESS POST /api/v1/gate/validate,83.200000,0.000000,3,3,3,4,4,5,7,10,16,16,16,1487,0,3,6.883895745124488,1.4687920000007182,230.020209000001,61.0
1778449439,50,,Aggregated,95.800000,2.400000,3,3,3,4,4,6,11,16,170,170,170,1724,46,3,9.586724368329532,1.4687920000007182,835.4548749999999,66.64269141531322
1778449440,50,GET,GET /api/v1/analytics/campus-summary,1.900000,1.900000,6,6,7,7,8,8,8,8,8,8,8,32,32,7,15.484561093749905,3.6099579999984144,236.49587499999924,120.0
1778449440,50,POST,POST /api/v1/auth/login,0.600000,0.600000,140,140,140,140,170,170,170,170,170,170,170,16,16,140.0,182.34916412500013,128.68295899999893,835.4548749999999,42.0
1778449440,50,POST,POST /api/v1/gate/validate,8.000000,0.000000,3,3,4,4,4,5,7,7,7,7,7,161,0,3,10.13253706832293,1.4715420000008805,244.84704199999996,61.0
1778449440,50,POST,POST /api/v1/surveys,2.000000,0.000000,8,9,11,11,21,22,22,22,22,22,22,42,0,9,31.347744023809305,5.988166999998157,679.0892920000005,272.8333333333333
1778449440,50,POST,STRESS POST /api/v1/gate/validate,83.600000,0.000000,3,3,3,4,4,5,7,10,16,16,16,1577,0,3,6.667679858592335,1.4687920000007182,230.020209000001,61.0
1778449440,50,,Aggregated,96.100000,2.500000,3,3,3,4,5,6,10,16,170,170,170,1828,48,3,9.231929669037255,1.4687920000007182,835.4548749999999,66.7335886214442
1778449441,50,GET,GET /api/v1/analytics/campus-summary,1.800000,1.800000,6,6,7,7,8,8,8,8,8,8,8,32,32,7,15.484561093749905,3.6099579999984144,236.49587499999924,120.0
1778449441,50,POST,POST /api/v1/auth/login,0.500000,0.500000,140,140,140,140,170,170,170,170,170,170,170,16,16,140.0,182.34916412500013,128.68295899999893,835.4548749999999,42.0
1778449441,50,POST,POST /api/v1/gate/validate,7.900000,0.000000,3,3,4,4,4,5,7,7,7,7,7,168,0,3,9.829897869047567,1.4715420000008805,244.84704199999996,61.0
1778449441,50,POST,POST /api/v1/surveys,1.800000,0.000000,8,9,11,11,21,22,22,22,22,22,22,45,0,9,29.78372497777759,5.988166999998157,679.0892920000005,272.84444444444443
1778449441,50,POST,STRESS POST /api/v1/gate/validate,83.900000,0.000000,3,3,3,4,4,5,7,10,16,16,16,1659,0,3,6.483336029535951,1.4577090000003068,230.020209000001,61.0
1778449441,50,,Aggregated,95.900000,2.300000,3,3,4,4,5,6,10,15,170,170,170,1920,48,3,8.937832041666734,1.4577090000003068,835.4548749999999,66.79010416666667
1778449442,50,GET,GET /api/v1/analytics/campus-summary,1.800000,1.800000,5,6,7,7,8,8,8,8,8,8,8,34,34,6,14.7905354117646,3.415332999999521,236.49587499999924,120.0
1778449442,50,POST,POST /api/v1/auth/login,0.600000,0.600000,130,130,140,140,170,170,170,170,170,170,170,19,19,130.0,173.98033994736875,127.79375000000215,835.4548749999999,42.0
1778449442,50,POST,POST /api/v1/gate/validate,7.900000,0.000000,3,3,4,4,4,5,7,7,7,7,7,178,0,3,9.44335749999994,1.4715420000008805,244.84704199999996,61.0
1778449442,50,POST,POST /api/v1/surveys,1.700000,0.000000,8,9,10,11,15,22,22,22,22,22,22,45,0,9,29.78372497777759,5.988166999998157,679.0892920000005,272.84444444444443
1778449442,50,POST,STRESS POST /api/v1/gate/validate,84.100000,0.000000,3,3,3,3,4,5,6,7,15,15,15,1735,0,3,6.314541339481355,1.4577090000003068,230.020209000001,61.0
1778449442,50,,Aggregated,96.100000,2.400000,3,3,3,4,4,6,8,15,170,170,170,2011,53,3,8.84406720338147,1.4577090000003068,835.4548749999999,66.55842864246644
1778449443,50,GET,GET /api/v1/analytics/campus-summary,1.800000,1.800000,5,5,6,7,8,8,8,8,8,8,8,35,35,6,14.481927257142756,3.415332999999521,236.49587499999924,120.0
1778449443,50,POST,POST /api/v1/auth/login,0.600000,0.600000,130,140,140,140,170,170,170,170,170,170,170,19,19,130.0,173.98033994736875,127.79375000000215,835.4548749999999,42.0
1778449443,50,POST,POST /api/v1/gate/validate,8.500000,0.000000,3,3,3,4,4,5,7,7,7,7,7,191,0,3,8.974411916230306,1.4715420000008805,244.84704199999996,61.0
1778449443,50,POST,POST /api/v1/surveys,1.800000,0.000000,8,10,11,11,15,22,22,22,22,22,22,45,0,9,29.78372497777759,5.988166999998157,679.0892920000005,272.84444444444443
1778449443,50,POST,STRESS POST /api/v1/gate/validate,84.600000,0.000000,3,3,3,3,4,4,6,6,15,15,15,1812,0,3,6.15473616501112,1.4577090000003068,230.020209000001,61.0
1778449443,50,,Aggregated,97.300000,2.400000,3,3,3,4,4,6,9,15,170,170,170,2102,54,3,8.572433941008626,1.4577090000003068,835.4548749999999,66.34586108468126
1778449444,50,GET,GET /api/v1/analytics/campus-summary,1.600000,1.600000,4,5,5,6,7,8,8,8,8,8,8,37,37,6,13.92380732432423,3.266708999998258,236.49587499999924,120.0
1778449444,50,POST,POST /api/v1/auth/login,0.500000,0.500000,130,140,140,140,170,170,170,170,170,170,170,19,19,130.0,173.98033994736875,127.79375000000215,835.4548749999999,42.0
1778449444,50,POST,POST /api/v1/gate/validate,8.200000,0.000000,3,3,3,3,4,5,7,7,7,7,7,201,0,3,8.648063885572096,1.4715420000008805,244.84704199999996,61.0
1778449444,50,POST,POST /api/v1/surveys,1.800000,0.000000,8,10,10,11,15,22,22,22,22,22,22,46,0,9,29.348579695651992,5.988166999998157,679.0892920000005,272.8478260869565
1778449444,50,POST,STRESS POST /api/v1/gate/validate,84.200000,0.000000,3,3,3,3,4,4,6,6,15,15,15,1895,0,3,5.99833156042226,1.3773340000007295,230.020209000001,61.0
1778449444,50,,Aggregated,96.300000,2.100000,3,3,3,4,4,6,9,15,170,170,170,2198,56,3,8.314804888080154,1.3773340000007295,835.4548749999999,66.26251137397634
1778449445,50,GET,GET /api/v1/analytics/campus-summary,1.700000,1.700000,5,5,5,5,6,7,7,7,7,7,7,41,41,6,13.033768219512185,3.266708999998258,236.49587499999924,120.0
1778449445,50,POST,POST /api/v1/auth/login,0.800000,0.800000,130,130,140,140,170,170,170,170,170,170,170,19,19,130.0,173.98033994736875,127.79375000000215,835.4548749999999,42.0
1778449445,50,POST,POST /api/v1/gate/validate,8.200000,0.000000,3,3,3,4,4,5,7,7,7,7,7,211,0,3,8.394666317535497,1.4715420000008805,244.84704199999996,61.0
1778449445,50,POST,POST /api/v1/surveys,1.700000,0.000000,8,10,10,11,15,22,22,22,22,22,22,46,0,9,29.348579695651992,5.988166999998157,679.0892920000005,272.8478260869565
1778449445,50,POST,STRESS POST /api/v1/gate/validate,83.300000,0.000000,3,3,3,3,4,4,6,6,15,15,15,1977,0,3,5.853974548305597,1.3773340000007295,230.020209000001,61.0
1778449445,50,,Aggregated,95.700000,2.500000,3,3,3,4,4,5,7,15,170,170,170,2294,60,3,8.079611114646976,1.3773340000007295,835.4548749999999,66.14516129032258
1778449447,50,GET,GET /api/v1/analytics/campus-summary,1.500000,1.500000,4,5,5,5,6,7,7,7,7,7,7,43,43,6,12.60838074418604,3.266708999998258,236.49587499999924,120.0
1778449447,50,POST,POST /api/v1/auth/login,0.800000,0.800000,130,130,140,140,170,170,170,170,170,170,170,19,19,130.0,173.98033994736875,127.79375000000215,835.4548749999999,42.0
1778449447,50,POST,POST /api/v1/gate/validate,8.800000,0.000000,3,3,3,3,4,4,5,7,7,7,7,219,0,3,8.183099739726,1.4715420000008805,244.84704199999996,61.0
1778449447,50,POST,POST /api/v1/surveys,1.400000,0.000000,9,10,10,11,15,15,15,15,15,15,15,46,0,9,29.348579695651992,5.988166999998157,679.0892920000005,272.8478260869565
1778449447,50,POST,STRESS POST /api/v1/gate/validate,82.200000,0.000000,3,3,3,3,4,4,5,6,9,9,9,2064,0,3,5.709224513081446,1.3278329999977245,230.020209000001,61.0
1778449447,50,,Aggregated,94.700000,2.300000,3,3,3,3,4,5,6,9,140,140,140,2391,62,3,7.851844305729867,1.3278329999977245,835.4548749999999,65.9857800083647
1778449448,50,GET,GET /api/v1/analytics/campus-summary,1.400000,1.400000,4,5,5,5,6,7,7,7,7,7,7,43,43,6,12.60838074418604,3.266708999998258,236.49587499999924,120.0
1778449448,50,POST,POST /api/v1/auth/login,0.800000,0.800000,130,130,130,130,140,140,140,140,140,140,140,21,21,130.0,169.89269847619087,127.79375000000215,835.4548749999999,42.0
1778449448,50,POST,POST /api/v1/gate/validate,8.700000,0.000000,3,3,3,3,4,5,7,7,7,7,7,228,0,3,7.9804106798245105,1.4715420000008805,244.84704199999996,61.0
1778449448,50,POST,POST /api/v1/surveys,1.400000,0.000000,7,8,9,10,10,11,11,11,11,11,11,51,0,9,27.102239352941243,5.546125000002178,679.0892920000005,272.88235294117646
1778449448,50,POST,STRESS POST /api/v1/gate/validate,82.000000,0.000000,3,3,3,3,4,4,5,6,11,11,11,2145,0,3,5.592671648484913,1.3278329999977245,230.020209000001,61.0
1778449448,50,,Aggregated,94.300000,2.200000,3,3,3,3,4,5,7,11,140,140,140,2488,64,3,7.760424263665655,1.3278329999977245,835.4548749999999,66.20257234726688
1778449449,50,GET,GET /api/v1/analytics/campus-summary,1.600000,1.600000,4,4,5,5,5,6,6,6,6,6,6,44,44,6,12.407421340909128,3.266708999998258,236.49587499999924,120.0
1778449449,50,POST,POST /api/v1/auth/login,0.700000,0.700000,130,130,130,130,140,140,140,140,140,140,140,22,22,130.0,168.12196600000024,127.79375000000215,835.4548749999999,42.0
1778449449,50,POST,POST /api/v1/gate/validate,9.100000,0.000000,3,3,3,3,4,5,7,7,7,7,7,234,0,3,7.833048123931583,1.4715420000008805,244.84704199999996,61.0
1778449449,50,POST,POST /api/v1/surveys,1.300000,0.000000,7,8,9,10,10,11,11,11,11,11,11,52,0,9,26.706538423077014,5.546125000002178,679.0892920000005,272.88461538461536
1778449449,50,POST,STRESS POST /api/v1/gate/validate,81.300000,0.000000,3,3,3,3,4,4,5,6,11,11,11,2222,0,3,5.482443808730939,1.3278329999977245,230.020209000001,61.0
1778449449,50,,Aggregated,94.000000,2.300000,3,3,3,3,4,5,7,10,130,130,130,2574,66,3,7.633361768842333,1.3278329999977245,835.4548749999999,66.12665112665113
1778449450,50,GET,GET /api/v1/analytics/campus-summary,1.700000,1.700000,4,4,5,5,5,6,6,6,6,6,6,45,45,6,12.215079555555558,3.266708999998258,236.49587499999924,120.0
1778449450,50,POST,POST /api/v1/auth/login,0.700000,0.700000,130,130,130,130,130,130,130,130,130,130,130,23,23,130.0,166.51405986956522,127.79375000000215,835.4548749999999,42.0
1778449450,50,POST,POST /api/v1/gate/validate,9.200000,0.000000,3,3,3,3,4,4,5,7,7,7,7,242,0,3,7.647187376033007,1.4270839999994678,244.84704199999996,61.0
1778449450,50,POST,POST /api/v1/surveys,1.300000,0.000000,7,7,8,8,10,10,10,10,10,10,10,54,0,8,25.987616462963224,5.546125000002178,679.0892920000005,272.9074074074074
1778449450,50,POST,STRESS POST /api/v1/gate/validate,82.100000,0.000000,2,3,3,3,4,4,4,5,11,11,11,2302,0,3,5.380873919635157,1.3278329999977245,230.020209000001,61.0
1778449450,50,,Aggregated,95.000000,2.400000,3,3,3,3,4,4,7,10,130,130,130,2666,68,3,7.509461498124585,1.3278329999977245,835.4548749999999,66.12415603900975
1778449451,50,GET,GET /api/v1/analytics/campus-summary,1.600000,1.600000,4,4,5,5,5,6,6,6,6,6,6,46,46,6,12.021433804347799,3.266708999998258,236.49587499999924,120.0
1778449451,50,POST,POST /api/v1/auth/login,0.800000,0.800000,130,130,130,130,130,130,130,130,130,130,130,24,24,130.0,164.92589245833335,127.79375000000215,835.4548749999999,42.0
1778449451,50,POST,POST /api/v1/gate/validate,9.200000,0.000000,3,3,3,3,4,4,5,7,7,7,7,250,0,3,7.480273879999956,1.4270839999994678,244.84704199999996,61.0
1778449451,50,POST,POST /api/v1/surveys,1.400000,0.000000,7,8,8,8,10,10,10,10,10,10,10,56,0,8,25.316447125000114,5.546125000002178,679.0892920000005,272.9107142857143
1778449451,50,POST,STRESS POST /api/v1/gate/validate,81.600000,0.000000,2,3,3,3,4,4,4,5,11,11,11,2389,0,3,5.27597696525749,1.3278329999977245,230.020209000001,61.0
1778449451,50,,Aggregated,94.600000,2.400000,2,3,3,3,4,4,7,11,130,130,130,2765,70,3,7.379134124050685,1.3278329999977245,835.4548749999999,66.10849909584087
1778449452,50,GET,GET /api/v1/analytics/campus-summary,1.500000,1.500000,4,5,5,5,5,6,6,6,6,6,6,48,48,5,11.691315041666764,3.266708999998258,236.49587499999924,120.0
1778449452,50,POST,POST /api/v1/auth/login,0.700000,0.700000,130,130,130,130,130,130,130,130,130,130,130,25,25,130.0,163.39254676000007,126.59225000000163,835.4548749999999,42.0
1778449452,50,POST,POST /api/v1/gate/validate,9.000000,0.000000,3,3,3,3,3,4,6,7,7,7,7,261,0,3,7.273074919540168,1.4270839999994678,244.84704199999996,61.0
1778449452,50,POST,POST /api/v1/surveys,1.500000,0.000000,7,8,8,8,9,10,10,10,10,10,10,58,0,8,24.702910879310405,5.546125000002178,679.0892920000005,272.91379310344826
1778449452,50,POST,STRESS POST /api/v1/gate/validate,81.400000,0.000000,2,3,3,3,3,4,5,5,11,11,11,2470,0,3,5.1890340975709055,1.3278329999977245,230.020209000001,61.0
1778449452,50,,Aggregated,94.100000,2.200000,2,3,3,3,4,5,7,9,130,130,130,2862,73,3,7.265531934661124,1.3278329999977245,835.4548749999999,66.11809923130677
1778449453,50,GET,GET /api/v1/analytics/campus-summary,1.400000,1.400000,4,5,5,5,6,6,6,6,6,6,6,49,49,6,11.576004183673556,3.266708999998258,236.49587499999924,120.0
1778449453,50,POST,POST /api/v1/auth/login,0.800000,0.800000,130,130,130,130,130,130,130,130,130,130,130,25,25,130.0,163.39254676000007,126.59225000000163,835.4548749999999,42.0
1778449453,50,POST,POST /api/v1/gate/validate,8.900000,0.000000,2,3,3,3,3,4,6,7,7,7,7,268,0,3,7.146162522388006,1.4270839999994678,244.84704199999996,61.0
1778449453,50,POST,POST /api/v1/surveys,1.400000,0.000000,7,8,8,8,9,10,10,10,10,10,10,60,0,8,24.142874966666728,5.546125000002178,679.0892920000005,272.93333333333334
1778449453,50,POST,STRESS POST /api/v1/gate/validate,81.000000,0.000000,2,3,3,3,4,4,5,5,11,11,11,2547,0,3,5.113699666666728,1.314915999998334,230.020209000001,61.0
1778449453,50,,Aggregated,93.500000,2.200000,2,3,3,3,4,5,7,9,130,130,130,2949,74,3,7.134749060359492,1.314915999998334,835.4548749999999,66.13123092573754
1778449454,50,GET,GET /api/v1/analytics/campus-summary,1.400000,1.400000,4,5,5,5,6,6,6,6,6,6,6,49,49,6,11.576004183673556,3.266708999998258,236.49587499999924,120.0
1778449454,50,POST,POST /api/v1/auth/login,0.800000,0.800000,130,130,130,130,130,130,130,130,130,130,130,25,25,130.0,163.39254676000007,126.59225000000163,835.4548749999999,42.0
1778449454,50,POST,POST /api/v1/gate/validate,8.900000,0.000000,2,3,3,3,3,4,6,7,7,7,7,276,0,3,7.001573420289792,1.4270839999994678,244.84704199999996,61.0
1778449454,50,POST,POST /api/v1/surveys,1.400000,0.000000,7,8,8,8,9,10,10,10,10,10,10,62,0,8,23.593003338709686,5.546125000002178,679.0892920000005,272.9032258064516
1778449454,50,POST,STRESS POST /api/v1/gate/validate,81.000000,0.000000,2,3,3,3,4,4,5,5,11,11,11,2626,0,3,5.040427301980258,1.314915999998334,230.020209000001,61.0
1778449454,50,,Aggregated,93.500000,2.200000,2,3,3,3,4,5,7,8,130,130,130,3038,74,3,7.005727597103401,1.314915999998334,835.4548749999999,66.11981566820276
1778449455,50,GET,GET /api/v1/analytics/campus-summary,1.500000,1.500000,4,4,5,5,6,6,6,6,6,6,6,53,53,5,11.03129633962266,3.266708999998258,236.49587499999924,120.0
1778449455,50,POST,POST /api/v1/auth/login,0.600000,0.600000,130,130,130,130,130,130,130,130,130,130,130,25,25,130.0,163.39254676000007,126.59225000000163,835.4548749999999,42.0
1778449455,50,POST,POST /api/v1/gate/validate,9.000000,0.000000,2,3,3,3,3,4,6,7,7,7,7,288,0,3,6.819380687499935,1.4270839999994678,244.84704199999996,61.0
1778449455,50,POST,POST /api/v1/surveys,1.500000,0.000000,7,7,8,8,9,10,10,10,10,10,10,64,0,8,23.100560531249855,5.4742079999954285,679.0892920000005,272.890625
1778449455,50,POST,STRESS POST /api/v1/gate/validate,81.000000,0.000000,2,3,3,3,4,4,5,5,11,11,11,2713,0,3,4.961095549207578,1.314915999998334,230.020209000001,61.0
1778449455,50,,Aggregated,93.600000,2.100000,2,3,3,3,4,5,7,9,130,130,130,3143,78,3,6.863296885777954,1.314915999998334,835.4548749999999,66.15844734330258
1778449456,50,GET,GET /api/v1/analytics/campus-summary,1.400000,1.400000,4,4,5,5,6,6,6,6,6,6,6,53,53,5,11.03129633962266,3.266708999998258,236.49587499999924,120.0
1778449456,50,POST,POST /api/v1/auth/login,0.600000,0.600000,130,130,130,130,130,130,130,130,130,130,130,25,25,130.0,163.39254676000007,126.59225000000163,835.4548749999999,42.0
1778449456,50,POST,POST /api/v1/gate/validate,8.500000,0.000000,2,3,3,3,3,4,6,7,7,7,7,293,0,3,6.7506917337883365,1.4270839999994678,244.84704199999996,61.0
1778449456,50,POST,POST /api/v1/surveys,1.700000,0.000000,7,8,8,8,9,10,10,10,10,10,10,65,0,8,22.88151344615369,5.4742079999954285,679.0892920000005,272.89230769230767
1778449456,50,POST,STRESS POST /api/v1/gate/validate,81.300000,0.000000,2,3,3,3,4,4,5,5,11,11,11,2796,0,3,4.887838078683894,1.314915999998334,230.020209000001,61.0
1778449456,50,,Aggregated,93.500000,2.000000,2,3,3,3,4,5,7,9,130,130,130,3232,78,3,6.745395635829242,1.314915999998334,835.4548749999999,66.08199257425743
1778449457,50,GET,GET /api/v1/analytics/campus-summary,1.400000,1.400000,4,4,5,5,6,6,6,6,6,6,6,54,54,5,10.910148111111042,3.266708999998258,236.49587499999924,120.0
1778449457,50,POST,POST /api/v1/auth/login,0.600000,0.600000,130,130,130,130,130,130,130,130,130,130,130,27,27,130.0,161.02943837037068,126.59225000000163,835.4548749999999,42.0
1778449457,50,POST,POST /api/v1/gate/validate,8.500000,0.000000,2,3,3,3,4,4,4,6,6,6,6,303,0,3,6.615561089108868,1.4270839999994678,244.84704199999996,61.0
1778449457,50,POST,POST /api/v1/surveys,1.700000,0.000000,7,8,9,9,10,10,10,10,10,10,10,67,0,8,22.42749437313412,5.4742079999954285,679.0892920000005,272.86567164179104
1778449457,50,POST,STRESS POST /api/v1/gate/validate,81.300000,0.000000,2,3,3,3,4,4,5,5,6,6,6,2877,0,3,4.819685532499175,1.314915999998334,230.020209000001,61.0
1778449457,50,,Aggregated,93.500000,2.000000,2,3,3,3,4,5,7,9,130,130,130,3328,81,3,6.703826695913481,1.314915999998334,835.4548749999999,66.06850961538461
1778449458,50,GET,GET /api/v1/analytics/campus-summary,1.200000,1.200000,4,4,5,6,6,6,6,6,6,6,6,54,54,5,10.910148111111042,3.266708999998258,236.49587499999924,120.0
1778449458,50,POST,POST /api/v1/auth/login,0.600000,0.600000,130,130,130,130,130,130,130,130,130,130,130,27,27,130.0,161.02943837037068,126.59225000000163,835.4548749999999,42.0
1778449458,50,POST,POST /api/v1/gate/validate,8.200000,0.000000,2,3,3,3,4,4,4,6,6,6,6,309,0,3,6.5282973656957415,1.3347499999980528,244.84704199999996,61.0
1778449458,50,POST,POST /api/v1/surveys,1.900000,0.000000,7,8,8,9,10,10,10,10,10,10,10,70,0,8,21.737760685714125,5.4742079999954285,679.0892920000005,272.87142857142857
1778449458,50,POST,STRESS POST /api/v1/gate/validate,81.800000,0.000000,2,3,3,3,4,4,5,5,6,6,6,2956,0,3,4.755196289580562,1.314915999998334,230.020209000001,61.0
1778449458,50,,Aggregated,93.700000,1.800000,2,3,3,3,4,5,7,9,130,130,130,3416,81,3,6.5960744145199275,1.314915999998334,835.4548749999999,66.12412177985948
1778449459,50,GET,GET /api/v1/analytics/campus-summary,1.100000,1.100000,4,5,5,6,6,6,6,6,6,6,6,55,55,5,10.808348454545426,3.266708999998258,236.49587499999924,120.0
1778449459,50,POST,POST /api/v1/auth/login,0.800000,0.800000,130,130,130,130,130,130,130,130,130,130,130,29,29,130.0,158.85893258620732,126.59225000000163,835.4548749999999,42.0
1778449459,50,POST,POST /api/v1/gate/validate,8.400000,0.000000,2,3,3,3,4,4,4,6,6,6,6,316,0,3,6.442550272151875,1.3347499999980528,244.84704199999996,61.0
1778449459,50,POST,POST /api/v1/surveys,2.100000,0.000000,7,7,8,9,10,10,12,12,12,12,12,75,0,8,20.779058293333215,5.4742079999954285,679.0892920000005,272.8666666666667
1778449459,50,POST,STRESS POST /api/v1/gate/validate,81.300000,0.000000,2,3,3,3,3,4,5,5,6,6,6,3034,0,3,4.695571584377106,1.314915999998334,230.020209000001,61.0
1778449459,50,,Aggregated,93.700000,1.900000,2,3,3,3,4,5,7,10,130,130,130,3509,84,3,6.5665453562268725,1.314915999998334,835.4548749999999,66.296095753776
1778449460,50,GET,GET /api/v1/analytics/campus-summary,1.100000,1.100000,4,5,5,6,6,6,6,6,6,6,6,56,56,5,10.694582553571367,3.266708999998258,236.49587499999924,120.0
1778449460,50,POST,POST /api/v1/auth/login,0.600000,0.600000,130,130,130,130,130,130,130,130,130,130,130,30,30,130.0,158.00151816666704,126.59225000000163,835.4548749999999,42.0
1778449460,50,POST,POST /api/v1/gate/validate,8.100000,0.000000,2,3,3,3,4,4,4,6,6,6,6,325,0,3,6.3326947846153585,1.3347499999980528,244.84704199999996,61.0
1778449460,50,POST,POST /api/v1/surveys,1.900000,0.000000,7,8,9,10,10,11,12,12,12,12,12,78,0,8,20.321994628205076,5.4742079999954285,679.0892920000005,272.8974358974359
1778449460,50,POST,STRESS POST /api/v1/gate/validate,80.900000,0.000000,2,3,3,3,4,4,5,5,6,6,6,3119,0,3,4.639606090413623,1.314915999998334,230.020209000001,61.0
1778449460,50,,Aggregated,92.600000,1.700000,2,3,3,3,4,5,7,10,130,130,130,3608,86,3,6.500309021618637,1.314915999998334,835.4548749999999,66.33869179600887
1778449461,50,GET,GET /api/v1/analytics/campus-summary,1.100000,1.100000,4,5,6,6,6,6,6,6,6,6,6,56,56,5,10.694582553571367,3.266708999998258,236.49587499999924,120.0
1778449461,50,POST,POST /api/v1/auth/login,0.700000,0.700000,130,130,130,130,130,130,130,130,130,130,130,30,30,130.0,158.00151816666704,126.59225000000163,835.4548749999999,42.0
1778449461,50,POST,POST /api/v1/gate/validate,8.200000,0.000000,2,3,3,3,4,4,4,4,4,4,4,337,0,3,6.195754611275903,1.3347499999980528,244.84704199999996,61.0
1778449461,50,POST,POST /api/v1/surveys,2.300000,0.000000,7,7,9,10,10,11,12,12,12,12,12,79,0,8,20.15704111392399,5.4742079999954285,679.0892920000005,272.88607594936707
1778449461,50,POST,STRESS POST /api/v1/gate/validate,81.100000,0.000000,2,3,3,3,3,4,5,5,6,6,6,3198,0,3,4.585978313946241,1.314915999998334,230.020209000001,61.0
1778449461,50,,Aggregated,93.400000,1.800000,2,3,3,3,4,5,7,10,130,130,130,3700,86,3,6.401426045405415,1.314915999998334,835.4548749999999,66.26297297297297
1778449462,50,GET,GET /api/v1/analytics/campus-summary,1.100000,1.100000,4,5,6,6,6,6,6,6,6,6,6,56,56,5,10.694582553571367,3.266708999998258,236.49587499999924,120.0
1778449462,50,POST,POST /api/v1/auth/login,0.700000,0.700000,130,130,130,130,130,130,130,130,130,130,130,30,30,130.0,158.00151816666704,126.59225000000163,835.4548749999999,42.0
1778449462,50,POST,POST /api/v1/gate/validate,8.300000,0.000000,2,3,3,3,4,4,4,4,4,4,4,347,0,3,6.079315714697367,1.3347499999980528,244.84704199999996,61.0
1778449462,50,POST,POST /api/v1/surveys,2.400000,0.000000,7,7,10,10,11,12,12,12,12,12,12,79,0,8,20.15704111392399,5.4742079999954285,679.0892920000005,272.88607594936707
1778449462,50,POST,STRESS POST /api/v1/gate/validate,81.700000,0.000000,2,3,3,3,3,4,5,5,6,6,6,3290,0,3,4.522536380243192,1.1929170000044564,230.020209000001,61.0
1778449462,50,,Aggregated,94.200000,1.800000,2,3,3,3,4,5,6,10,130,130,130,3802,86,3,6.291429684376662,1.1929170000044564,835.4548749999999,66.12177801157286
1778449463,50,GET,GET /api/v1/analytics/campus-summary,1.000000,1.000000,4,5,6,6,10,10,10,10,10,10,10,57,57,5,10.681110333333368,3.266708999998258,236.49587499999924,120.0
1778449463,50,POST,POST /api/v1/auth/login,0.600000,0.600000,130,130,130,130,130,130,130,130,130,130,130,31,31,130.0,157.0612904516131,126.59225000000163,835.4548749999999,42.0
1778449463,50,POST,POST /api/v1/gate/validate,8.700000,0.000000,2,3,3,3,4,4,4,4,4,4,4,357,0,3,5.976151058823495,1.3347499999980528,244.84704199999996,61.0
1778449463,50,POST,POST /api/v1/surveys,2.300000,0.000000,7,9,10,10,11,12,12,12,12,12,12,79,0,8,20.15704111392399,5.4742079999954285,679.0892920000005,272.88607594936707
1778449463,50,POST,STRESS POST /api/v1/gate/validate,80.900000,0.000000,2,3,3,3,3,4,5,5,6,6,6,3367,0,3,4.470190112860141,1.1929170000044564,230.020209000001,61.0
1778449463,50,,Aggregated,93.500000,1.600000,2,3,3,3,4,5,6,10,130,130,130,3891,88,3,6.23355064996146,1.1929170000044564,835.4548749999999,66.01490619378052
1778449464,50,GET,GET /api/v1/analytics/campus-summary,0.800000,0.800000,4,4,5,5,6,10,10,10,10,10,10,60,60,5,10.329286066666565,3.266708999998258,236.49587499999924,120.0
1778449464,50,POST,POST /api/v1/auth/login,0.500000,0.500000,130,130,130,130,130,130,130,130,130,130,130,31,31,130.0,157.0612904516131,126.59225000000163,835.4548749999999,42.0
1778449464,50,POST,POST /api/v1/gate/validate,8.600000,0.000000,2,3,3,3,4,4,4,4,4,4,4,361,0,3,5.939017229916841,1.3347499999980528,244.84704199999996,61.0
1778449464,50,POST,POST /api/v1/surveys,2.100000,0.000000,7,7,9,10,11,12,12,12,12,12,12,82,0,8,19.67410567073171,5.4742079999954285,679.0892920000005,272.890243902439
1778449464,50,POST,STRESS POST /api/v1/gate/validate,81.700000,0.000000,2,3,3,3,3,4,4,5,6,6,6,3448,0,3,4.4201118352668605,1.1929170000044564,230.020209000001,61.0
1778449464,50,,Aggregated,93.700000,1.300000,2,3,3,3,4,4,6,10,130,130,130,3982,91,3,6.149287961074853,1.1929170000044564,835.4548749999999,66.10447011551985
1778449465,50,GET,GET /api/v1/analytics/campus-summary,0.800000,0.800000,4,4,5,5,10,10,10,10,10,10,10,61,61,5,10.219663213114574,3.266708999998258,236.49587499999924,120.0
1778449465,50,POST,POST /api/v1/auth/login,0.600000,0.600000,130,130,130,130,130,130,130,130,130,130,130,31,31,130.0,157.0612904516131,126.59225000000163,835.4548749999999,42.0
1778449465,50,POST,POST /api/v1/gate/validate,8.900000,0.000000,2,3,3,3,4,4,5,9,9,9,9,374,0,3,5.837508385026681,1.3347499999980528,244.84704199999996,61.0
1778449465,50,POST,POST /api/v1/surveys,1.900000,0.000000,7,7,9,10,11,12,12,12,12,12,12,84,0,8,19.399692940476235,5.4742079999954285,679.0892920000005,272.8809523809524
1778449465,50,POST,STRESS POST /api/v1/gate/validate,82.000000,0.000000,2,3,3,3,3,4,4,5,14,14,14,3537,0,3,4.374498439920876,1.1929170000044564,230.020209000001,61.0
1778449465,50,,Aggregated,94.200000,1.400000,2,3,3,3,4,5,7,11,130,130,130,4087,92,3,6.062564909469062,1.1929170000044564,835.4548749999999,66.0912649865427
1778449466,50,GET,GET /api/v1/analytics/campus-summary,1.100000,1.100000,4,4,5,5,6,10,10,10,10,10,10,64,64,5,9.968693968749914,3.266708999998258,236.49587499999924,120.0
1778449466,50,POST,POST /api/v1/auth/login,0.600000,0.600000,130,130,130,130,130,130,130,130,130,130,130,31,31,130.0,157.0612904516131,126.59225000000163,835.4548749999999,42.0
1778449466,50,POST,POST /api/v1/gate/validate,8.400000,0.000000,2,3,3,3,4,4,5,9,9,9,9,382,0,3,5.762547149214624,1.3347499999980528,244.84704199999996,61.0
1778449466,50,POST,POST /api/v1/surveys,2.000000,0.000000,7,7,9,9,11,12,12,12,12,12,12,85,0,8,19.25443184705887,5.4742079999954285,679.0892920000005,272.88235294117646
1778449466,50,POST,STRESS POST /api/v1/gate/validate,81.900000,0.000000,2,3,3,3,3,4,4,5,14,14,14,3616,0,3,4.329798921736767,1.1929170000044564,230.020209000001,61.0
1778449466,50,,Aggregated,94.000000,1.700000,2,3,3,3,4,4,7,10,130,130,130,4178,95,3,5.984051947582597,1.1929170000044564,835.4548749999999,66.07348013403542
1778449467,50,GET,GET /api/v1/analytics/campus-summary,0.800000,0.800000,4,4,5,6,10,10,10,10,10,10,10,64,64,5,9.968693968749914,3.266708999998258,236.49587499999924,120.0
1778449467,50,POST,POST /api/v1/auth/login,0.600000,0.600000,130,130,130,130,130,130,130,130,130,130,130,31,31,130.0,157.0612904516131,126.59225000000163,835.4548749999999,42.0
1778449467,50,POST,POST /api/v1/gate/validate,8.600000,0.000000,2,3,3,3,4,4,5,9,9,9,9,390,0,3,5.695409751281989,1.3345830000019987,244.84704199999996,61.0
1778449467,50,POST,POST /api/v1/surveys,2.000000,0.000000,7,7,9,9,11,12,12,12,12,12,12,86,0,8,19.10145686046512,5.4742079999954285,679.0892920000005,272.8837209302326
1778449467,50,POST,STRESS POST /api/v1/gate/validate,82.000000,0.000000,2,3,3,3,3,4,5,5,14,14,14,3701,0,3,4.284419907052179,1.1929170000044564,230.020209000001,61.0
1778449467,50,,Aggregated,94.000000,1.400000,2,3,3,3,3,4,6,10,130,130,130,4272,95,3,5.9053065512640535,1.1929170000044564,835.4548749999999,66.01147003745318
1778449468,50,GET,GET /api/v1/analytics/campus-summary,1.100000,1.100000,4,4,5,5,6,10,10,10,10,10,10,66,66,5,9.79299743939381,3.266708999998258,236.49587499999924,120.0
1778449468,50,POST,POST /api/v1/auth/login,0.600000,0.600000,130,130,130,130,130,130,130,130,130,130,130,31,31,130.0,157.0612904516131,126.59225000000163,835.4548749999999,42.0
1778449468,50,POST,POST /api/v1/gate/validate,8.900000,0.000000,2,3,3,3,3,4,5,9,9,9,9,397,0,3,5.633655148614552,1.3345830000019987,244.84704199999996,61.0
1778449468,50,POST,POST /api/v1/surveys,1.900000,0.000000,7,7,9,9,10,11,11,11,11,11,11,90,0,8,18.553306933333214,5.195458999999403,679.0892920000005,272.8888888888889
1778449468,50,POST,STRESS POST /api/v1/gate/validate,81.800000,0.000000,2,3,3,3,3,4,4,5,14,14,14,3791,0,3,4.235466179899804,1.1929170000044564,230.020209000001,61.0
1778449468,50,,Aggregated,94.300000,1.700000,2,3,3,3,3,4,6,9,130,130,130,4375,97,3,5.823599735085727,1.1929170000044564,835.4548749999999,66.11428571428571
1778449469,50,GET,GET /api/v1/analytics/campus-summary,1.000000,1.000000,4,4,5,5,6,10,10,10,10,10,10,66,66,5,9.79299743939381,3.266708999998258,236.49587499999924,120.0
1778449469,50,POST,POST /api/v1/auth/login,0.400000,0.400000,130,130,130,130,130,130,130,130,130,130,130,32,32,130.0,156.36331262500022,126.59225000000163,835.4548749999999,42.0
1778449469,50,POST,POST /api/v1/gate/validate,8.700000,0.000000,2,3,3,3,3,4,6,9,9,9,9,407,0,3,5.564045992628915,1.3345830000019987,244.84704199999996,61.0
1778449469,50,POST,POST /api/v1/surveys,1.900000,0.000000,7,7,9,9,9,9,9,9,9,9,9,91,0,8,18.448485791208704,5.195458999999403,679.0892920000005,272.9010989010989
1778449469,50,POST,STRESS POST /api/v1/gate/validate,82.300000,0.000000,2,3,3,3,3,4,4,5,14,14,14,3875,0,3,4.203034331612954,1.1929170000044564,230.020209000001,61.0
1778449469,50,,Aggregated,94.300000,1.400000,2,3,3,3,3,4,6,9,130,130,130,4471,98,3,5.788436769402836,1.1929170000044564,835.4548749999999,66.04786401252517
1778449470,50,GET,GET /api/v1/analytics/campus-summary,1.200000,1.200000,4,4,5,6,10,10,10,10,10,10,10,66,66,5,9.79299743939381,3.266708999998258,236.49587499999924,120.0
1778449470,50,POST,POST /api/v1/auth/login,0.400000,0.400000,130,130,130,130,130,130,130,130,130,130,130,32,32,130.0,156.36331262500022,126.59225000000163,835.4548749999999,42.0
1778449470,50,POST,POST /api/v1/gate/validate,8.800000,0.000000,2,2,3,3,4,5,8,9,9,9,9,416,0,3,5.505138247596069,1.3345830000019987,244.84704199999996,61.0
1778449470,50,POST,POST /api/v1/surveys,2.000000,0.000000,7,7,9,9,9,9,9,9,9,9,9,93,0,8,18.19464739784939,5.195458999999403,679.0892920000005,272.8817204301075
1778449470,50,POST,STRESS POST /api/v1/gate/validate,83.400000,0.000000,2,2,3,3,3,4,5,6,16,16,16,3954,0,3,4.172853175012696,1.1929170000044564,230.020209000001,61.0
1778449470,50,,Aggregated,95.800000,1.600000,2,3,3,3,3,4,7,9,130,130,130,4561,98,3,5.729371850032908,1.1929170000044564,835.4548749999999,66.0407805305854
1778449471,50,GET,GET /api/v1/analytics/campus-summary,1.100000,1.100000,4,4,4,5,6,10,10,10,10,10,10,69,69,5,9.539135840579524,3.266708999998258,236.49587499999924,120.0
1778449471,50,POST,POST /api/v1/auth/login,0.300000,0.300000,130,130,130,130,130,130,130,130,130,130,130,32,32,130.0,156.36331262500022,126.59225000000163,835.4548749999999,42.0
1778449471,50,POST,POST /api/v1/gate/validate,8.900000,0.000000,2,3,3,3,4,5,8,9,9,9,9,420,0,3,5.478323240476095,1.3345830000019987,244.84704199999996,61.0
1778449471,50,POST,POST /api/v1/surveys,1.600000,0.000000,7,7,9,9,9,9,9,9,9,9,9,95,0,8,17.954253494736783,5.195458999999403,679.0892920000005,272.89473684210526
1778449471,50,POST,STRESS POST /api/v1/gate/validate,83.800000,0.000000,2,2,3,3,3,4,5,6,16,16,16,4029,0,3,4.13992219930508,1.1929170000044564,230.020209000001,61.0
1778449471,50,,Aggregated,95.700000,1.400000,2,3,3,3,4,4,7,9,130,130,130,4645,101,3,5.672362273627567,1.1929170000044564,835.4548749999999,66.07922497308934
1778449472,50,GET,GET /api/v1/analytics/campus-summary,1.000000,1.000000,4,4,4,4,5,6,6,6,6,6,6,70,70,5,9.4517862714284,3.266708999998258,236.49587499999924,120.0
1778449472,50,POST,POST /api/v1/auth/login,0.200000,0.200000,130,130,130,130,130,130,130,130,130,130,130,33,33,130.0,155.59933345454567,126.59225000000163,835.4548749999999,42.0
1778449472,50,POST,POST /api/v1/gate/validate,9.100000,0.000000,2,3,3,3,4,5,8,9,9,9,9,427,0,3,5.428474655737637,1.3345830000019987,244.84704199999996,61.0
1778449472,50,POST,POST /api/v1/surveys,1.500000,0.000000,7,7,7,9,9,9,9,9,9,9,9,99,0,7,17.487327030302918,5.195458999999403,679.0892920000005,272.8989898989899
1778449472,50,POST,STRESS POST /api/v1/gate/validate,82.900000,0.000000,2,3,3,3,3,4,5,6,16,16,16,4110,0,3,4.108392893187383,1.1929170000044564,230.020209000001,61.0
1778449472,50,,Aggregated,94.700000,1.200000,2,3,3,3,4,5,7,9,130,130,130,4739,103,3,5.640662985439973,1.1929170000044564,835.4548749999999,66.16585777590208
1778449473,50,GET,GET /api/v1/analytics/campus-summary,1.300000,1.300000,4,4,4,5,6,6,6,6,6,6,6,70,70,5,9.4517862714284,3.266708999998258,236.49587499999924,120.0
1778449473,50,POST,POST /api/v1/auth/login,0.200000,0.200000,130,130,130,130,130,130,130,130,130,130,130,33,33,130.0,155.59933345454567,126.59225000000163,835.4548749999999,42.0
1778449473,50,POST,POST /api/v1/gate/validate,8.300000,0.000000,2,3,3,3,4,5,8,9,9,9,9,438,0,3,5.353775614155168,1.3345830000019987,244.84704199999996,61.0
1778449473,50,POST,POST /api/v1/surveys,1.600000,0.000000,7,7,7,8,9,9,9,9,9,9,9,101,0,7,17.291547455445446,5.195458999999403,679.0892920000005,272.8910891089109
1778449473,50,POST,STRESS POST /api/v1/gate/validate,82.600000,0.000000,2,3,3,3,3,4,5,7,16,16,16,4189,0,3,4.085143054189572,1.1929170000044564,230.020209000001,61.0
1778449473,50,,Aggregated,94.000000,1.500000,2,3,3,3,4,5,7,9,130,130,130,4831,103,3,5.589001719933763,1.1929170000044564,835.4548749999999,66.1550403643138
1778449474,50,GET,GET /api/v1/analytics/campus-summary,1.400000,1.400000,4,4,4,5,6,6,6,6,6,6,6,70,70,5,9.4517862714284,3.266708999998258,236.49587499999924,120.0
1778449474,50,POST,POST /api/v1/auth/login,0.300000,0.300000,130,130,130,130,130,130,130,130,130,130,130,33,33,130.0,155.59933345454567,126.59225000000163,835.4548749999999,42.0
1778449474,50,POST,POST /api/v1/gate/validate,8.000000,0.000000,2,3,3,3,4,5,6,8,8,8,8,449,0,3,5.296980719376388,1.3345830000019987,244.84704199999996,61.0
1778449474,50,POST,POST /api/v1/surveys,2.000000,0.000000,7,7,7,8,9,9,11,11,11,11,11,104,0,7,17.023705548076784,5.195458999999403,679.0892920000005,272.88461538461536
1778449474,50,POST,STRESS POST /api/v1/gate/validate,82.300000,0.000000,2,3,3,3,4,4,5,7,16,16,16,4272,0,3,4.060591235252835,1.1929170000044564,230.020209000001,61.0
1778449474,50,,Aggregated,94.000000,1.700000,2,3,3,3,4,5,7,8,130,130,130,4928,103,3,5.538161225649357,1.1929170000044564,835.4548749999999,66.18242694805195
1778449475,50,GET,GET /api/v1/analytics/campus-summary,1.300000,1.300000,4,4,4,5,6,6,6,6,6,6,6,71,71,5,9.375136112675914,3.266708999998258,236.49587499999924,120.0
1778449475,50,POST,POST /api/v1/auth/login,0.200000,0.200000,130,130,130,130,130,130,130,130,130,130,130,33,33,130.0,155.59933345454567,126.59225000000163,835.4548749999999,42.0
1778449475,50,POST,POST /api/v1/gate/validate,8.100000,0.000000,2,3,3,3,4,5,6,8,8,8,8,454,0,3,5.269170726872242,1.3345830000019987,244.84704199999996,61.0
1778449475,50,POST,POST /api/v1/surveys,2.200000,0.000000,7,7,8,8,9,9,11,11,11,11,11,107,0,7,16.768052186915746,5.195458999999403,679.0892920000005,272.86915887850466
1778449475,50,POST,STRESS POST /api/v1/gate/validate,81.900000,0.000000,2,3,3,3,4,5,6,7,27,27,27,4356,0,3,4.047605133608837,1.1929170000044564,230.020209000001,61.0
1778449475,50,,Aggregated,93.700000,1.500000,2,3,3,3,4,5,7,9,130,130,130,5021,104,3,5.5005309149571815,1.1929170000044564,835.4548749999999,66.2244572794264
